{"train_losses": [1.508085406294056, 1.2592368441469528, 1.1601198438335867, 1.0697470798211939, 0.9619601737050449, 0.8689972279118556, 0.7581344357892579, 0.6574705310311972, 0.5775428519529455, 0.4947928599282807], "val_losses": [1.3004071170633489, 1.1004062294960022, 1.1615391156890176, 0.996865372766148, 0.9611587416041981, 1.0114597407254307, 1.0492763167077845, 1.1053643253716556, 1.2067269411954014, 1.3423239561644467], "train_accs": [31.56120729278382, 43.75670292630611, 48.628772789949444, 53.16378121648537, 58.14309790102651, 62.15719319748736, 67.01394208671671, 71.21188907614524, 74.42929370307951, 78.2595373065727], "val_accs": [49.32094353109364, 54.50321658327377, 49.2494639027877, 59.0421729807005, 60.22158684774839, 60.47176554681916, 61.61543959971408, 59.54253037884203, 61.293781272337384, 59.43531093638313], "train_acc": 78.2595373065727, "val_acc": 59.43531093638313, "best_acc": 61.61543959971408, "exp_name": "exp1_lr_model_code", "out_dim": 5, "act": "relu", "l2": 1e-05, "optim": "RMSprop", "lr_decay": 0.95, "dropout_rate": 0.3, "train_batch_size": 64, "lr": 0.001, "scheduler": null}