{"train_losses": [1.483465779061411, 1.2228133029797499, 1.0930899913404502, 0.97762482715588, 0.8036652651487612, 0.6250462543730643, 0.4405280062380959, 0.3260873223052305, 0.2670160185764818, 0.2498613301591546], "val_losses": [1.2442058378999883, 1.1578746817328713, 1.0153968063267795, 0.96529005874287, 1.2324084775014357, 0.9769375757737593, 1.1008717011321674, 1.3160640895366669, 1.538488444956866, 1.6042447794567456], "train_accs": [33.721464685153975, 45.610540830396815, 52.12195495633522, 57.65282671977938, 65.54312854297534, 72.68270261988663, 80.11337521066339, 83.46866860732342, 84.44921096981768, 85.19993871610234], "val_accs": [47.64117226590422, 50.250178699070766, 57.86275911365261, 60.650464617583985, 57.219442458899216, 63.04503216583274, 63.65260900643317, 65.83273766976411, 64.22444603288064, 64.40314510364546], "train_acc": 85.19993871610234, "val_acc": 64.40314510364546, "best_acc": 65.83273766976411, "exp_name": "exp1_lr_model_code", "out_dim": 5, "act": "relu", "l2": 1e-05, "optim": "RMSprop", "lr_decay": 0.95, "dropout_rate": 0.3, "train_batch_size": 64, "lr": 0.001, "scheduler": "CosineAnnealingLR"}