{"train_losses": [1.0727007459191715, 0.750729020319733, 0.5373202769779691, 0.40890504843464087, 0.33344017115293767, 0.29786064285858005, 0.26822619651462515, 0.2715364845067847, 0.2676492984242299, 0.26522766170548456], "val_losses": [0.7925409132784064, 0.7473723319443789, 0.8231317075816068, 0.9151321730830453, 1.0193035006523132, 1.0766630118543452, 1.2580088106068699, 1.2643602815541355, 1.2689390561797402, 1.4319482825019143], "train_accs": [53.85322506511414, 67.16715183085644, 74.96552780756856, 80.37383177570094, 83.23885399111383, 84.25003830243604, 85.24590163934427, 85.41443235789797, 84.57177876512947, 84.92416117665084], "val_accs": [68.72766261615439, 70.33595425303788, 70.76483202287348, 71.19370979270907, 72.19442458899213, 71.30092923516797, 70.51465332380272, 71.40814867762688, 71.26518942101501, 71.37240886347391], "train_acc": 84.92416117665084, "val_acc": 71.37240886347391, "best_acc": 72.19442458899213, "exp_name": "exp1_lr_model_code", "out_dim": 5, "act": "relu", "l2": 1e-05, "optim": "RMSprop", "lr_decay": 0.95, "dropout_rate": 0.3, "train_batch_size": 64, "lr": 0.0001, "scheduler": null}