{"train_losses": [1.0817891493731855, 0.7412348862956551, 0.5242475306286531, 0.3961298345935111, 0.3196080930384935, 0.2846852004820225, 0.2524075493508694, 0.2517699949151161, 0.23682892797332183, 0.23137077988654958], "val_losses": [0.7351637184619904, 0.7273670597509905, 0.7669499191370878, 0.8912993263114583, 1.01423671299761, 1.179135417396372, 1.2039368206804448, 1.2241193408315831, 1.2609900019385598, 1.2345013049515812], "train_accs": [53.975792860425926, 66.90669526581891, 76.22184770951432, 80.95602880343189, 83.91297686532863, 84.46453194423165, 85.36846943465605, 85.03140799754864, 86.21112302742455, 85.88938256473112], "val_accs": [70.69335239456755, 71.9085060757684, 72.30164403145103, 70.94353109363831, 72.05146533238027, 71.26518942101501, 71.30092923516797, 71.97998570407434, 71.97998570407434, 72.26590421729807], "train_acc": 85.88938256473112, "val_acc": 72.26590421729807, "best_acc": 72.30164403145103, "exp_name": "exp1_lr_model_code", "out_dim": 5, "act": "relu", "l2": 1e-05, "optim": "RMSprop", "lr_decay": 0.95, "dropout_rate": 0.3, "train_batch_size": 64, "lr": 0.0001, "scheduler": "CosineAnnealingLR"}