{"train_losses": [1.2668884747168596, 0.8606787475885129, 0.6470046490430832, 0.47069207067583124, 0.34364165467958824, 0.3062382394484445, 0.2772439792752266, 0.25594182706931057, 0.25901348275296826, 0.2625613970791592], "val_losses": [0.826723578301343, 0.7479644824158062, 0.7714935432780873, 0.8214922736991536, 0.9601730108261108, 1.010822426189076, 1.092982758175243, 1.0935669487172908, 1.122900437224995, 1.1197290393439205], "train_accs": [44.62999846790256, 62.846637046116136, 71.82472805270415, 78.79577141106175, 83.2082120422859, 83.68316224911905, 84.61774168837138, 85.18461774168837, 85.3378274858281, 84.51049486747357], "val_accs": [68.72766261615439, 69.4781987133667, 71.19370979270907, 71.8012866333095, 70.62187276626162, 71.55110793423874, 71.05075053609721, 71.6940671908506, 71.72980700500358, 71.44388849177984], "train_acc": 84.51049486747357, "val_acc": 71.44388849177984, "best_acc": 71.8012866333095, "exp_name": "exp1_lr_model_code", "out_dim": 5, "act": "relu", "l2": 1e-05, "optim": "Adam", "lr_decay": 0.95, "dropout_rate": 0.3, "train_batch_size": 64, "lr": 0.0001, "scheduler": "CosineAnnealingLR"}