{"train_losses": [1.074327534904667, 0.7291804294960171, 0.5508243313022688, 0.385239110565653, 0.3179649389257618, 0.2781635997634308, 0.26589633787379546, 0.2564758389603858, 0.25148538719205293, 0.23727270617496735, 0.22617341095910354, 0.2190787749109315, 0.22332359434050672, 0.2124655489974162, 0.22636760004303036, 0.23080474642269752, 0.21970010497698597, 0.22277751981335528, 0.21396859311590008, 0.2142772524818486], "val_losses": [0.7524062720212069, 0.7216992757537148, 0.8094814040444114, 0.9088537151163275, 1.0955249965190887, 1.1643663428046487, 1.2395046651363373, 1.3496760400858792, 1.405338552865115, 1.4149426276033574, 1.4901156371290034, 1.6126776825297962, 1.6331810788674788, 1.6455866586078296, 1.6416392651471226, 1.6212458339604465, 1.6331202008507468, 1.6039880026470532, 1.6315094882791692, 1.6666247031905435], "train_accs": [53.148460242071394, 67.96384250038302, 75.44047801440172, 81.40033706143711, 84.4951738930596, 84.832235330167, 84.90884020223686, 85.29186456258618, 85.39911138348398, 86.0119503600429, 86.19580205301057, 86.97717174812318, 86.82396200398345, 86.22644400183852, 85.99662938562892, 85.98130841121495, 86.24176497625248, 86.0119503600429, 86.71671518308564, 87.17634441550483], "val_accs": [71.33666904932095, 72.05146533238027, 71.8012866333095, 71.62258756254468, 73.05218012866334, 71.12223016440315, 72.33738384560401, 71.01501072194425, 71.51536812008578, 71.62258756254468, 72.15868477483917, 72.48034310221587, 72.69478198713367, 72.30164403145103, 72.30164403145103, 73.0879199428163, 72.48034310221587, 72.40886347390993, 72.7662616154396, 72.83774124374553], "train_acc": 87.17634441550483, "val_acc": 72.83774124374553, "best_acc": 73.0879199428163, "exp_name": "exp3_epoch", "out_dim": 5, "act": "relu", "l2": 1e-05, "optim": "RMSprop", "lr": 0.0001, "lr_decay": 0.95, "scheduler": "CosineAnnealingLR", "dropout_rate": 0.3, "train_batch_size": 64, "epoch": 20}