{"train_losses": [1.0741996513862235, 0.7536101896388858, 0.5318233283127055, 0.3935602523532568], "val_losses": [0.7902672995220531, 0.7132244895805012, 0.7769337459044023, 0.9292979999022051], "train_accs": [53.62341044890455, 67.02926306113069, 75.62432970736938, 81.1245595219856], "val_accs": [69.22802001429592, 71.8012866333095, 71.26518942101501, 70.22873481057898], "train_acc": 81.1245595219856, "val_acc": 70.22873481057898, "best_acc": 71.8012866333095, "exp_name": "exp3_epoch", "out_dim": 5, "act": "relu", "l2": 1e-05, "optim": "RMSprop", "lr": 0.0001, "lr_decay": 0.95, "scheduler": "ReduceLROnPlateau", "dropout_rate": 0.3, "train_batch_size": 64}