{"train_losses": [1.0741996513862235, 0.7493446048568276, 0.5155565250737995, 0.3789339096230619, 0.3197881928553768, 0.27916689859885796], "val_losses": [0.7902672995220531, 3.478934122757478, 34.760020250623874, 1.436036836017262, 1.031129758466374, 0.9474406052719463], "train_accs": [53.62341044890455, 67.07522598437261, 76.08395893978857, 81.82932434502834, 84.21939635360809, 85.35314846024207], "val_accs": [69.22802001429592, 72.15868477483917, 70.12151536812009, 72.69478198713367, 72.30164403145103, 72.73052180128663], "train_acc": 85.35314846024207, "val_acc": 72.73052180128663, "best_acc": 72.73052180128663, "exp_name": "exp3_epoch", "out_dim": 5, "act": "relu", "l2": 1e-05, "optim": "RMSprop", "lr": 0.0001, "lr_decay": 0.95, "scheduler": "CosineAnnealingLR", "dropout_rate": 0.3, "train_batch_size": 64}